"","AML","variant","Vaf","Class"
"1","AML10","MT_CO3","0.165","MT"
"2","AML10","SRSF2","0.406","heterozygous"
"3","AML10","IDH2","0.394","heterozygous"
"4","AML10","RUNX1","0.406","heterozygous"
"5","AML104","NPM1","0.595","heterozygous"
"6","AML104","IDH2","0.433","heterozygous"
"7","AML104","DNMT3A","0.464","heterozygous"
"8","AML104","PCMTD1","0.259","subclonal"
"9","AML105","NPM1","0.37","heterozygous"
"10","AML105","MT_ND1","0.558","MT"
"11","AML105","DNMT3A","0.432","heterozygous"
"12","AML111","PAM16","0.315","heterozygous"
"13","AML111","RUNX1","0.404","heterozygous"
"14","AML111","NARS","0.306","heterozygous"
"15","AML117","MT_CO2","0.938","MT"
"16","AML117","TSPOAP1","0.5","heterozygous"
"17","AML117","LRRFIP1","0.5","heterozygous"
"18","AML117","NRAS","0.3","subclonal"
"19","AML124","COPS4","0.076","subclonal"
"20","AML124","RTCA","0.358","heterozygous"
"21","AML124","KIT","0.43","heterozygous"
"22","AML124","MT_ND6","0.96","MT"
"23","AML126","CEBPA","0.379","heterozygous"
"24","AML126","IDH2","0.287","heterozygous"
"25","AML126","RAD21","0.315","subclonal"
"26","AML126","CBFB","0.255","heterozygous"
"27","AML136","NPM1","0.4","heterozygous"
"28","AML136","MT_ND1","0.089","MT"
"29","AML136","EFHD2","0.167","subclonal"
"30","AML136","IDH2","0.356","heterozygous"
"31","AML138","GRHPR","0.393","heterozygous"
"32","AML138","PRPF38B","0.345","heterozygous"
"33","AML138","RUNX1","0.252","heterozygous"
"34","AML144","MT_ND1","0.189","MT"
"35","AML144","FOXP1","0.455","heterozygous"
"36","AML144","RUNX1","0.395","heterozygous"
"37","AML144","BRCC3","0.386","heterozygous"
"38","AML151","MT_ND1","0.155","MT"
"39","AML151","MT_ND4","0.353","MT2"
"40","AML151","SOX4","0.81","homozygous"
"41","AML151","SRSF2","0.527","heterozygous"
"42","AML151","RUNX1","1.0","homozygous"
"43","AML155","FLT3","0.273","heterozygous"
"44","AML155","MT_CO3","0.179","MT"
"45","AML155","MT_ND1","0.104","MT2"
"46","AML155","TP53","0.269","heterozygous"
"47","AML157","MT_ND4","0.054","MT"
"48","AML157","ETV6","0.525","heterozygous"
"49","AML157","SRSF2","0.533","heterozygous"
"50","AML157","MS4A6A","0.542","heterozygous"
"51","AML161","MT_ND1","0.195","MT"
"52","AML161","KRAS","0.076","subclonal"
"53","AML161","TTC1","0.399","heterozygous"
"54","AML161","FGFR1OP2","0.316","heterozygous"
"55","AML172","RUNX1","0.439","heterozygous"
"56","AML172","FYB1","0.43","heterozygous"
"57","AML172","SEC31A","0.426","heterozygous"
"58","AML24","NPM1","0.505","heterozygous"
"59","AML24","MT_CYB","0.436","MT"
"60","AML24","IDH2","0.459","heterozygous"
"61","AML32","MT_CYB","0.501","MT"
"62","AML32","LAMTOR5","0.373","heterozygous"
"63","AML32","SRSF2","0.482","heterozygous"
"64","AML32","RUNX1","0.262","heterozygous"
"65","AML33","NPM1","0.622","heterozygous"
"66","AML33","MT_ND4","0.145","MT"
"67","AML33","MRPL52","0.484","heterozygous"
"68","AML33","IDH1","0.447","heterozygous"
"69","AML34","MT_ND1","0.466","MT"
"70","AML34","IDH1","0.462","heterozygous"
"71","AML34","SRRM1","0.081","subclonal"
"72","AML34","PRIM2","0.162","subclonal2"
"73","AML35","MT_CYB","0.065","MT"
"74","AML35","MT_ND5","0.856","MT2"
"75","AML35","IDH2","0.353","heterozygous"
"76","AML35","RUNX1","0.599","heterozygous"
"77","AML37","RPL28","0.167","subclonal"
"78","AML37","EGR1","0.132","subclonal2"
"79","AML37","FLT3","0.251","subclonal3"
"80","AML37","TP53","0.624","heterozygous"
"81","AML48","MT_ND1","0.178","MT"
"82","AML48","TP53","0.44","heterozygous"
"83","AML48","DOCK8","0.562","heterozygous"
"84","AML48","SMG1","0.644","subclonal"
"85","AML55","PFN1","0.346","heterozygous"
"86","AML55","SRSF2","0.259","subclonal"
"87","AML55","MT_CO1","0.882","MT"
"88","AML61","MT_ND1","0.118","MT"
"89","AML61","BCL7C","0.435","heterozygous"
"90","AML61","SCP2","0.462","heterozygous"
"91","AML62","MT_ND1","0.78","MT"
"92","AML62","TNRC18","0.195","heterozygous"
"93","AML62","TP53","0.695","homozygous"
"94","AML62","MRTFA","0.295","heterozygous"
"95","AML7","NPM1","0.379","heterozygous"
"96","AML7","MT_ND4","0.353","MT"
"97","AML7","MT_ATP6","0.052","MT2"
"98","AML7","IDH2","0.105","subclonal"
"99","AML7","KRAS","0.058","subclonal2"
"100","AML70","MT_ND4L","0.889","MT"
"101","AML70","EZH2","0.9","homozygous"
"102","AML70","RUNX1","0.5","heterozygous"
"103","AML80","BANF1","0.45","heterozygous"
"104","AML80","PRKCSH","0.325","heterozygous"
"105","AML80","R3HDM4","0.41","heterozygous"
"106","AML80","TP53","0.943","homozygous"
"107","AML83","CTNNB1","0.172","subclonal"
"108","AML83","TP53","0.88","homozygous"
"109","AML83","MCM4","0.585","heterozygous"
"110","AML83","ERBIN","0.278","heterozygous"
"111","AML85D","MT_ND1","0.71","MT"
"112","AML85D","MT_ND2","0.081","MT2"
"113","AML85D","SEPHS2","0.25","subclonal"
"114","AML85D","TP53","0.531","heterozygous"
"115","AML85R","MT_ND1","0.932","MT"
"116","AML85R","SEPHS2","0.234","subclonal"
"117","AML85R","TP53","0.937","homozygous"
"118","AML97","NPM1","0.327","heterozygous"
"119","AML97","MT_ND5","0.627","MT"
"120","AML97","BCAP31","0.306","heterozygous"
"121","AML97","IDH1","0.459","heterozygous"
"122","AML9","NPM1","0.392","heterozygous"
"123","AML9","MT_ND5","0.217","MT"
"124","AML9","MT_ND1","0.056","MT2"
"125","AML9","ECHDC1","0.31","heterozygous"
"126","AML79","NPM1","0.482","heterozygous"
"127","AML79","NHEJ1","0.364","heterozygous"
"128","AML79","IDH2","0.435","heterozygous"
"129","AML79","ENTPD4","0.445","heterozygous"
"130","AML27","NPM1","0.398","heterozygous"
"131","AML27","IDH1","0.52","heterozygous"
"132","AML27","IK","0.13","subclonal"
"133","AML27","UBR2","0.505","heterozygous"
"134","AML27","MT_ND5","0.26","MT"
"135","AML28","NPM1","0.363","heterozygous"
"136","AML28","METTL5","0.42","heterozygous"
"137","AML28","MT_AP6","0.9","MT"
"138","AML28","GSTK1","0.407","heterozygous"
"139","AML28","MAPRE2","0.38","heterozygous"
"140","AML25","NPM1","0.456","heterozygous"
"141","AML25","CD37","0.403","heterozygous"
"142","AML25","MT_ND1","0.919","MT"
"143","AML25","DOCK8","0.481","heterozygous"
"144","AML25","MCM2","0.5","heterozygous"
"145","AML23","NRAS","0.429","heterozygous"
"146","AML23","CBFB","GeneFusion","GeneFusion"
"147","AML123","CBFB","GeneFusion","GeneFusion"
"148","AML21","SRSF2","0.333","heterozygous"
"149","AML21","IDH2","0.457","heterozygous"
"150","AML110","MT_CO1","0.453","MT"
"151","AML110","MT_ND5","0.763","MT2"
"152","AML110","MKI67","0.459","heterozygous"
"153","AML110","IDH2","0.373","heterozygous"
"154","AML110","SRSF2","0.396","heterozygous"
"155","AML9","MT_ND5_2","0.0","MT3"
"156","AML124","CBFB","GeneFusion","GeneFusion"
